<?xml version="1.0" encoding="UTF-8"?>
<Styles>
    <Style Name="Title" ID="3DAA6E99-6B4E-42A4-852A-8D95F77272BD" Type="Para+Char" FontChange="Size">
        <Format><![CDATA[{\rtf1\ansi\ansicpg1252\cocoartf1504\cocoasubrtf820
{\fonttbl\f0\fnil\fcharset0 Calluna-Regular;}
{\colortbl;\red255\green255\blue255;}
{\*\expandedcolortbl;;}
\pard\tx560\tx1120\tx1680\tx2240\tx2800\tx3360\tx3920\tx4480\tx5040\tx5600\tx6160\tx6720\sl288\slmult1\sb320\pardirnatural\partightenfactor0

\f0\fs56 \AppleTypeServices\AppleTypeServicesF2359297 \cf0 Attributes}]]></Format>
    </Style>
    <Style Name="Heading 1" ID="41FCDE10-8953-4CC9-B2D3-9FE5EB943B08" Type="Para+Char" FontChange="Size" Shortcut="4">
        <Format><![CDATA[{\rtf1\ansi\ansicpg1252\cocoartf1504\cocoasubrtf820
{\fonttbl\f0\fswiss\fcharset0 Helvetica;\f1\fnil\fcharset0 Calluna-Regular;}
{\colortbl;\red255\green255\blue255;}
{\*\expandedcolortbl;;}
\pard\tx560\tx1120\tx1680\tx2240\tx2800\tx3360\tx3920\tx4480\tx5040\tx5600\tx6160\tx6720\sl288\slmult1\sb320\pardirnatural\partightenfactor0

\f0\fs24 \cf0 <$Scr_H::1>
\f1\b\fs36 \AppleTypeServices\AppleTypeServicesF2359297 Attributes
\f0\b0\fs24 \AppleTypeServices <!$Scr_H::1>}]]></Format>
    </Style>
    <Style Name="Heading 2" ID="00EA5DAB-3580-410E-96AA-8B023CB6ACF4" Type="Para+Char" FontChange="Size" Shortcut="5">
        <Format><![CDATA[{\rtf1\ansi\ansicpg1252\cocoartf1504\cocoasubrtf820
{\fonttbl\f0\fswiss\fcharset0 Helvetica;\f1\fnil\fcharset0 Calluna-Regular;}
{\colortbl;\red255\green255\blue255;}
{\*\expandedcolortbl;;}
\pard\tx560\tx1120\tx1680\tx2240\tx2800\tx3360\tx3920\tx4480\tx5040\tx5600\tx6160\tx6720\sl288\slmult1\sb320\pardirnatural\partightenfactor0

\f0\fs24 \cf0 <$Scr_H::2>
\f1\b\fs32 \AppleTypeServices\AppleTypeServicesF2359297 Attributes
\f0\b0\fs24 \AppleTypeServices <!$Scr_H::2>}]]></Format>
    </Style>
    <Style Name="Centered Text" ID="0AA9107C-CC7F-4BE2-AF1D-46D1D8A84DD2" Type="Para" Shortcut="1">
        <Format><![CDATA[{\rtf1\ansi\ansicpg1252\cocoartf1504\cocoasubrtf820
{\fonttbl\f0\fnil\fcharset0 Calluna-Regular;}
{\colortbl;\red255\green255\blue255;}
{\*\expandedcolortbl;;}
\pard\tx720\tx1440\tx2160\tx2880\tx3600\tx4320\sl288\slmult1\sa60\pardirnatural\qc\partightenfactor0

\f0\fs32 \AppleTypeServices\AppleTypeServicesF2359297 \cf0 Attributes}]]></Format>
    </Style>
    <Style Name="Block Quote" ID="8A368BB8-47F6-4ED1-ABC1-80558496E8CB" Type="Para" FontChange="Size" Shortcut="2">
        <Format><![CDATA[{\rtf1\ansi\ansicpg1252\cocoartf1504\cocoasubrtf820
{\fonttbl\f0\fnil\fcharset0 Calluna-Regular;}
{\colortbl;\red255\green255\blue255;}
{\*\expandedcolortbl;;}
\pard\tx720\tx1080\tx1440\li720\sl288\slmult1\sb240\sa240\pardirnatural\partightenfactor0

\f0\fs28 \AppleTypeServices\AppleTypeServicesF2359297 \cf0 Attributes}]]></Format>
    </Style>
    <Style Name="Attribution" ID="F60A62A7-EB9D-478D-B58B-30D51C035305" Type="Para" FontChange="Size" Shortcut="">
        <Format><![CDATA[{\rtf1\ansi\ansicpg1252\cocoartf1504\cocoasubrtf820
{\fonttbl\f0\fnil\fcharset0 Calluna-Regular;}
{\colortbl;\red255\green255\blue255;}
{\*\expandedcolortbl;;}
\pard\tx720\tx1080\tx1440\li720\sl288\slmult1\sa240\pardirnatural\partightenfactor0

\f0\fs28 \AppleTypeServices\AppleTypeServicesF2359297 \cf0 Attributes}]]></Format>
    </Style>
    <Style Name="Code Block" ID="51ECBA54-75BE-43E3-BC24-57A247E62EB0" Type="Para+Char" FontChange="Face+Size" Next="51ECBA54-75BE-43E3-BC24-57A247E62EB0">
        <Format><![CDATA[{\rtf1\ansi\ansicpg1252\cocoartf1504\cocoasubrtf820
{\fonttbl\f0\fnil\fcharset0 Menlo-Regular;}
{\colortbl;\red255\green255\blue255;}
{\*\expandedcolortbl;;}
\pard\tx720\tx1080\tx1440\tx1800\tx2160\li720\pardirnatural\partightenfactor0

\f0\fs22 \cf0 Attributes}]]></Format>
    </Style>
    <Style Name="Code Span" ID="0D275A51-A6AC-4CEA-9A36-3B3FC9F65342" Type="Char" FontChange="Face+Size">
        <Format><![CDATA[{\rtf1\ansi\ansicpg1252\cocoartf1504\cocoasubrtf820
{\fonttbl\f0\fnil\fcharset0 Menlo-Regular;}
{\colortbl;\red255\green255\blue255;}
{\*\expandedcolortbl;;}
\pard\tx720\tx1080\tx1440\tx1800\tx2160\li720\pardirnatural\partightenfactor0

\f0\fs22 \cf0 Attributes}]]></Format>
    </Style>
    <Style Name="Caption" ID="3F041A63-CCB6-4B3A-BBB3-0E85875AEAEC" Type="Para" FontChange="Size" Shortcut="3">
        <Format><![CDATA[{\rtf1\ansi\ansicpg1252\cocoartf1504\cocoasubrtf820
{\fonttbl\f0\fnil\fcharset0 Calluna-Regular;}
{\colortbl;\red255\green255\blue255;}
{\*\expandedcolortbl;;}
\pard\tx560\tx1120\tx1680\tx2240\tx2800\tx3360\tx3920\tx4480\tx5040\tx5600\tx6160\tx6720\sl288\slmult1\sa200\pardirnatural\qc\partightenfactor0

\f0\fs32 \AppleTypeServices\AppleTypeServicesF2359297 \cf0 Attributes}]]></Format>
    </Style>
    <Style Name="Emphasis" ID="755FACFE-28F2-4D4A-A7FF-13948821989D" Type="Char">
        <Format><![CDATA[{\rtf1\ansi\ansicpg1252\cocoartf1504\cocoasubrtf820
{\fonttbl\f0\fnil\fcharset0 Calluna-Regular;}
{\colortbl;\red255\green255\blue255;}
{\*\expandedcolortbl;;}
\pard\tx720\tx1440\tx2160\tx2880\tx3600\tx4320\sl288\slmult1\sa60\pardirnatural\partightenfactor0

\f0\i\fs32 \AppleTypeServices\AppleTypeServicesF2359297 \cf0 Attributes}]]></Format>
    </Style>
</Styles>