<?xml version="1.0" encoding="UTF-8"?>
<CompileSettings Template="Yes">
    <FormatSettings>
        <Format ID="DEFAULT">
            <SectionLayouts>
                <Type ID="BB2775C7-B378-4ED0-98EF-866E0001AF03">NEW-PAGE-HEADER</Type>
                <Type ID="089AA7AD-B377-4B1B-9C65-369B9A7D82E1">TEXT-SECTION</Type>
            </SectionLayouts>
        </Format>
        <Format ID="paperback-novel">
            <SectionLayouts>
                <Type ID="BB2775C7-B378-4ED0-98EF-866E0001AF03">21A46E64-6A8C-43C7-A721-81184399E77B</Type>
                <Type ID="089AA7AD-B377-4B1B-9C65-369B9A7D82E1">D1C35F4C-792E-49A2-BBBE-E6842C9C0FA0</Type>
            </SectionLayouts>
        </Format>
    </FormatSettings>
    <CurrentFileType>pdf</CurrentFileType>
    <LastUsedFormats>
        <Print>paperback-novel</Print>
        <pdf>paperback-novel</pdf>
    </LastUsedFormats>
</CompileSettings>