<?xml version="1.0" encoding="UTF-8"?>
<ProjectPreferences Version="1.0">
    <UseProjectPreferences>Yes</UseProjectPreferences>
    <TextFormatRTFData><![CDATA[{\rtf1\ansi\ansicpg1252\cocoartf1504\cocoasubrtf820
{\fonttbl\f0\fnil\fcharset0 Calluna-Regular;}
{\colortbl;\red255\green255\blue255;\red26\green26\blue26;}
{\*\expandedcolortbl;;\cssrgb\c13333\c13333\c13333;}
\pard\tx720\tx1440\tx2160\tx2880\tx3600\tx4320\fi396\sl288\slmult1\sa60\pardirnatural\partightenfactor0

\f0\fs32 \AppleTypeServices\AppleTypeServicesF2359297 \cf2 \expnd0\expndtw0\kerning0
Attributes}]]></TextFormatRTFData>
    <UseCustomFootnotesFont>No</UseCustomFootnotesFont>
    <FootnotesFont Size="10.0">TimesNewRomanPSMT</FootnotesFont>
    <FootnoteMarker UseMarker="No">[*]</FootnoteMarker>
</ProjectPreferences>