<?xml version="1.0" encoding="UTF-8"?>
<UIStates>
    <Binder Show="Yes">
        <ShowCollections>No</ShowCollections>
        <SelectedCollection>0</SelectedCollection>
        <SubdocumentCounts>No</SubdocumentCounts>
        <ExpandedItems>
            <ItemID>E2ABA5A6-D89F-46FF-8158-B0B12C65A548</ItemID>
            <ItemID>E50CDD82-F423-4217-986F-4B3D2DFBFB06</ItemID>
            <ItemID>266C0942-9D09-4FC8-B327-DCF921719953</ItemID>
            <ItemID>EB5D7E75-A56D-46E9-B4B1-AF1CDF496BFD</ItemID>
            <ItemID>090D3BD1-B6DF-4590-ABEB-73A4C47A50FA</ItemID>
            <ItemID>5539B054-42B2-4E94-A7FF-234BEE045E97</ItemID>
            <ItemID>25710E90-2119-40A8-B405-B30DCE9E4F30</ItemID>
            <ItemID>AE803249-6937-4920-8FF3-8A9655D26D58</ItemID>
            <ItemID>FEAD8790-FABD-4FC9-8BA8-F660DBCFBF3E</ItemID>
            <ItemID>86DEFE9E-948C-43E4-A7FD-F8047E395B1C</ItemID>
            <ItemID>EF13D2D9-5721-4BA5-A84C-7A2C907171EF</ItemID>
        </ExpandedItems>
        <Selection>
            <ItemID>584228C1-FC40-4D37-B506-3E463D361508</ItemID>
        </Selection>
        <SearchResultsSort Titles="Ascending" Dates="Ascending">None</SearchResultsSort>
    </Binder>
    <Inspector Show="Yes" View="Notes">
        <ShowProjectBookmarks>No</ShowProjectBookmarks>
        <ShowSimilarTexts>No</ShowSimilarTexts>
        <Collapse>CustomMetaData</Collapse>
        <FootnoteNumbers Prompt="No">No</FootnoteNumbers>
    </Inspector>
    <Split>Vertical</Split>
    <BinderAffects>TopLeft</BinderAffects>
    <Labels>
        <Binder FullWidth="No">No</Binder>
        <Icons>No</Icons>
        <IndexCards>No</IndexCards>
        <OutlinerRows>No</OutlinerRows>
        <ScriveningsTitles>No</ScriveningsTitles>
    </Labels>
    <Corkboards>
        <LabelIndicators>Yes</LabelIndicators>
        <Stamps>No</Stamps>
        <Keywords>No</Keywords>
        <Numbers Restart="No">No</Numbers>
        <SnapToGrid>No</SnapToGrid>
        <BlankCardsAsGhosts>No</BlankCardsAsGhosts>
    </Corkboards>
    <Text>
        <ShowFormatBar>Yes</ShowFormatBar>
        <UseVerticalLayout>No</UseVerticalLayout>
        <ShowScriveningsTitles>No</ShowScriveningsTitles>
        <ShowInvisibles>No</ShowInvisibles>
        <RevisionMode>0</RevisionMode>
        <TextChecking>
            <Spelling>No</Spelling>
            <Grammar>No</Grammar>
            <SmartQuotes>No</SmartQuotes>
            <SmartDashes>No</SmartDashes>
        </TextChecking>
    </Text>
    <FullScreen>
        <ShowRuler>No</ShowRuler>
        <PageLayout Facing="Yes">Yes</PageLayout>
        <TypewriterScrolling>Yes</TypewriterScrolling>
    </FullScreen>
    <Editors Primary="Editor1">
        <Editor1>
            <View>
                <ShowHeader>Yes</ShowHeader>
                <ShowFooter>Yes</ShowFooter>
                <GroupsViewMode>Outliner</GroupsViewMode>
                <CurrentViewMode>Single</CurrentViewMode>
                <SelectionAffects>Current</SelectionAffects>
                <Content>
                    <ItemID>584228C1-FC40-4D37-B506-3E463D361508</ItemID>
                </Content>
                <Selection>
                    <ItemID>266C0942-9D09-4FC8-B327-DCF921719953</ItemID>
                </Selection>
                <NavigationHistory CurrentIndex="12">
                    <HistoryItem Type="BinderItems" ViewMode="Single">B2BF4789-C695-4F6A-88E4-CB46D2019122</HistoryItem>
                    <HistoryItem Type="BinderItems" ViewMode="Single">B1CAEF78-8993-4884-9483-618E9519466D</HistoryItem>
                    <HistoryItem Type="BinderItems" ViewMode="Single">B2BF4789-C695-4F6A-88E4-CB46D2019122</HistoryItem>
                    <HistoryItem Type="BinderItems" ViewMode="Single">B1CAEF78-8993-4884-9483-618E9519466D</HistoryItem>
                    <HistoryItem Type="BinderItems" ViewMode="Single">42B47E8A-18D6-436F-95EA-BB0C618B5E81</HistoryItem>
                    <HistoryItem Type="BinderItems" ViewMode="Single">B2BF4789-C695-4F6A-88E4-CB46D2019122</HistoryItem>
                    <HistoryItem Type="BinderItems" ViewMode="Single">B1CAEF78-8993-4884-9483-618E9519466D</HistoryItem>
                    <HistoryItem Type="BinderItems" ViewMode="Single">B2BF4789-C695-4F6A-88E4-CB46D2019122</HistoryItem>
                    <HistoryItem Type="BinderItems" ViewMode="Single">B1CAEF78-8993-4884-9483-618E9519466D</HistoryItem>
                    <HistoryItem Type="BinderItems" ViewMode="Single">42B47E8A-18D6-436F-95EA-BB0C618B5E81</HistoryItem>
                    <HistoryItem Type="BinderItems" ViewMode="Single">1C9E9D2F-7E83-4DF6-A7C9-825E3E537217</HistoryItem>
                    <HistoryItem Type="BinderItems" ViewMode="Outliner">266C0942-9D09-4FC8-B327-DCF921719953</HistoryItem>
                    <HistoryItem Type="BinderItems" ViewMode="Single">584228C1-FC40-4D37-B506-3E463D361508</HistoryItem>
                </NavigationHistory>
            </View>
            <Text>
                <ShowRuler>No</ShowRuler>
                <PageLayout Facing="No">No</PageLayout>
                <TypewriterScrolling>No</TypewriterScrolling>
                <LineNumbers Interval="1">No</LineNumbers>
                <Selection>114,0</Selection>
            </Text>
            <Outliner>
                <Columns>
                    <ColID>title</ColID>
                    <ColID>label</ColID>
                    <ColID>status</ColID>
                </Columns>
                <TitlesOnly>Yes</TitlesOnly>
                <HideIcons>No</HideIcons>
                <ShowNumbers>No</ShowNumbers>
                <KeywordsAsChips>Yes</KeywordsAsChips>
                <FixedRowHeights>No</FixedRowHeights>
            </Outliner>
            <Corkboard>
                <CardsAcross>3</CardsAcross>
                <KeywordChips>5</KeywordChips>
                <SizeCardsToFit>Yes</SizeCardsToFit>
                <CardHeightRatio>0.6666</CardHeightRatio>
                <SectionsArrangement>Wrap</SectionsArrangement>
                <LabelThreadsUseColumns>No</LabelThreadsUseColumns>
            </Corkboard>
            <Copyholder PreferredOrientation="Vertical" VerticalPos="Right" HorizontalPos="Bottom">
                <Content></Content>
                <Text>
                    <ShowRuler>No</ShowRuler>
                    <PageLayout Facing="No">No</PageLayout>
                    <TypewriterScrolling>No</TypewriterScrolling>
                    <LineNumbers Interval="1">No</LineNumbers>
                </Text>
            </Copyholder>
        </Editor1>
        <Editor2>
            <View>
                <ShowHeader>Yes</ShowHeader>
                <ShowFooter>Yes</ShowFooter>
                <GroupsViewMode>Outliner</GroupsViewMode>
                <CurrentViewMode>Outliner</CurrentViewMode>
                <SelectionAffects>Current</SelectionAffects>
                <Content>
                    <ItemID>266C0942-9D09-4FC8-B327-DCF921719953</ItemID>
                </Content>
                <Selection>
                    <ItemID>A3053A29-2E2F-4C61-885A-7E2676538710</ItemID>
                </Selection>
                <NavigationHistory CurrentIndex="-1"/>
            </View>
            <Text>
                <ShowRuler>No</ShowRuler>
                <PageLayout Facing="No">No</PageLayout>
                <TypewriterScrolling>No</TypewriterScrolling>
                <LineNumbers Interval="1">No</LineNumbers>
                <Selection>0,0</Selection>
            </Text>
            <Outliner>
                <Columns>
                    <ColID>title</ColID>
                    <ColID>label</ColID>
                    <ColID>status</ColID>
                    <ColID>createdDate</ColID>
                    <ColID>modifiedDate</ColID>
                    <ColID>sectionType</ColID>
                    <ColID>allKeywords</ColID>
                </Columns>
                <TitlesOnly>Yes</TitlesOnly>
                <HideIcons>No</HideIcons>
                <ShowNumbers>No</ShowNumbers>
                <KeywordsAsChips>Yes</KeywordsAsChips>
                <FixedRowHeights>No</FixedRowHeights>
            </Outliner>
            <Corkboard>
                <CardsAcross>3</CardsAcross>
                <KeywordChips>5</KeywordChips>
                <SizeCardsToFit>Yes</SizeCardsToFit>
                <CardHeightRatio>0.6666</CardHeightRatio>
                <SectionsArrangement>Wrap</SectionsArrangement>
                <LabelThreadsUseColumns>No</LabelThreadsUseColumns>
            </Corkboard>
            <Copyholder PreferredOrientation="Vertical" VerticalPos="Right" HorizontalPos="Bottom">
                <Content></Content>
                <Text>
                    <ShowRuler>No</ShowRuler>
                    <PageLayout Facing="No">No</PageLayout>
                    <TypewriterScrolling>No</TypewriterScrolling>
                    <LineNumbers Interval="1">No</LineNumbers>
                </Text>
            </Copyholder>
        </Editor2>
    </Editors>
</UIStates>
